{"name":"75098927-f8a1-4473-8025-22b6d3637dd9","id":"/providers/Microsoft.Flow/flows/75098927-f8a1-4473-8025-22b6d3637dd9","type":"Microsoft.Flow/flows","properties":{"apiId":"/providers/Microsoft.PowerApps/apis/shared_logicflows","displayName":"send email for coupon","definition":{"metadata":{"workflowEntityId":null,"flowclientsuspensionreason":"None","flowclientsuspensiontime":null,"creator":{"id":"c48a93d0-00c3-4249-b19f-879e2558a4c6","type":"User","tenantId":"fce1fc89-3bcb-4dac-8aba-2a8ee17a763f"},"provisioningMethod":"FromDefinition","failureAlertSubscription":true,"clientLastModifiedTime":"2020-11-25T21:25:19.0110813Z"},"$schema":"https://schema.management.azure.com/providers/Microsoft.Logic/schemas/2016-06-01/workflowdefinition.json#","contentVersion":"1.0.0.0","parameters":{"$connections":{"defaultValue":{},"type":"Object"},"$authentication":{"defaultValue":{},"type":"SecureObject"}},"triggers":{"When_an_item_is_created":{"recurrence":{"frequency":"Minute","interval":5},"splitOn":"@triggerOutputs()?['body/value']","type":"OpenApiConnection","inputs":{"host":{"apiId":"/providers/Microsoft.PowerApps/apis/shared_sharepointonline","connectionName":"shared_sharepointonline","operationId":"GetOnNewItems"},"parameters":{"dataset":"https://bresleveloper.sharepoint.com/sites/CommArielRonit","table":"fe0b0a5a-5702-49ee-9b8a-50d64d31744d"},"authentication":"@parameters('$authentication')"}}},"actions":{"Send_an_email_(V2)":{"runAfter":{"get_img_url":["Succeeded"]},"type":"OpenApiConnection","inputs":{"host":{"apiId":"/providers/Microsoft.PowerApps/apis/shared_office365","connectionName":"shared_office365","operationId":"SendEmailV2"},"parameters":{"emailMessage/To":"@triggerOutputs()?['body/User/Email']","emailMessage/Subject":"Your Coupon is Ready","emailMessage/Body":"<h1>@{outputs('Get_item')?['body/Title']}</h1>\n<br>\n<br>\n@{outputs('Get_item')?['body/DisplayText']}\n<br>\n<br>\n<img src=\"@{variables('ImageUrl')}\"/>\n"},"authentication":"@parameters('$authentication')"}},"Get_item":{"runAfter":{"Initialize_variable":["Succeeded"]},"type":"OpenApiConnection","inputs":{"host":{"apiId":"/providers/Microsoft.PowerApps/apis/shared_sharepointonline","connectionName":"shared_sharepointonline","operationId":"GetItem"},"parameters":{"dataset":"https://bresleveloper.sharepoint.com/sites/CommArielRonit","table":"8608ad31-8d8c-4cba-8441-b5634883c492","id":"@variables('couponID')"},"authentication":"@parameters('$authentication')"}},"Initialize_variable":{"runAfter":{},"type":"InitializeVariable","inputs":{"variables":[{"name":"couponID","type":"integer","value":"@int(triggerOutputs()?['body/CouponID'])"}]}},"Send_an_HTTP_request_to_SharePoint":{"runAfter":{"Get_item":["Succeeded"]},"type":"OpenApiConnection","inputs":{"host":{"apiId":"/providers/Microsoft.PowerApps/apis/shared_sharepointonline","connectionName":"shared_sharepointonline","operationId":"HttpRequest"},"parameters":{"dataset":"https://bresleveloper.sharepoint.com/sites/CommArielRonit","parameters/method":"GET","parameters/uri":"/_api/lists/GetByTitle('CouponsList')/items(@{variables('couponID')})"},"authentication":"@parameters('$authentication')"}},"get_bg_json":{"runAfter":{"Send_an_HTTP_request_to_SharePoint":["Succeeded"]},"type":"InitializeVariable","inputs":{"variables":[{"name":"imageJson","type":"string","value":"@{outputs('Send_an_HTTP_request_to_SharePoint')?['body/d/CouponBackGround']}"}]}},"Parse_JSON":{"runAfter":{"get_bg_json":["Succeeded"]},"type":"ParseJson","inputs":{"content":"@variables('imageJson')","schema":{"type":"object","properties":{"fileName":{"type":"string"},"serverRelativeUrl":{"type":"string"},"id":{"type":"string"},"serverUrl":{"type":"string"},"thumbnailRenderer":{"type":"object","properties":{"spItemUrl":{"type":"string"},"fileVersion":{"type":"integer"},"sponsorToken":{"type":"string"}}}}}}},"get_img_url":{"runAfter":{"Parse_JSON":["Succeeded"]},"type":"InitializeVariable","inputs":{"variables":[{"name":"ImageUrl","type":"string","value":"@{body('Parse_JSON')?['serverUrl']}@{body('Parse_JSON')?['serverRelativeUrl']}"}]}}}},"connectionReferences":{"shared_office365":{"connectionName":"shared-office365-daa1c7de-13b7-4a57-bf75-5d79c87c28ed","source":"Embedded","id":"/providers/Microsoft.PowerApps/apis/shared_office365","tier":"NotSpecified"},"shared_sharepointonline":{"connectionName":"shared-sharepointonl-a98f21d5-1bc2-414a-95cd-e092a80bb00f","source":"Embedded","id":"/providers/Microsoft.PowerApps/apis/shared_sharepointonline","tier":"NotSpecified"}},"flowFailureAlertSubscribed":false}}